movie_wikipedia_id,movie_release_date
11250635,1941.0
31137877,1927.0
27374355,1977.0
29766415,1945.0
28415406,2007.0
21373150,1982.0
10792038,1980.0
10628777,1995.0
25790807,2009.0
32972053,1922.0
30658112,1936.0
33956317,2011.0
254465,2003.0
28649243,1974.0
33870773,2012.0
31156816,2004.0
20365034,1970.0
24364162,1986.0
9124011,1954.0
1393873,1959.0
30957142,2010.0
7582987,1918.0
11463957,2006.0
12392289,2007.0
19107318,1999.0
31638525,1948.0
30994230,1935.0
20996481,1957.0
33726417,2012.0
3917891,2005.0
36208311,2012.0
19801670,1956.0
32505827,1954.0
31814576,1969.0
9429240,2006.0
29258922,1954.0
34319106,2013.0
28736289,1967.0
10050603,1968.0
26900805,1949.0
1901096,2003.0
19134776,1962.0
19803330,2008.0
32470255,1921.0
10624891,1895.0
30553656,2011.0
7567438,1988.0
34129623,1915.0
5218366,1991.0
34563800,2013.0
10492496,1943.0
12395625,1966.0
14415689,1923.0
21686929,1933.0
30599547,2008.0
8906793,1970.0
4724834,2006.0
34055313,2001.0
9573761,2007.0
25152002,2009.0
20454049,1956.0
20632048,1981.0
31427208,1948.0
31210251,1984.0
21482237,1950.0
18705442,1997.0
19434365,2011.0
29075168,1944.0
25984661,1976.0
31990140,1951.0
9057972,1945.0
32621102,2011.0
12428218,1986.0
7744004,2006.0
14790860,1972.0
8947600,2006.0
33275973,2013.0
30167040,1921.0
23293894,1983.0
10920719,1956.0
22697988,1987.0
23771224,2009.0
31014663,1915.0
29031975,1933.0
32537784,2011.0
31900532,1945.0
19915414,2004.0
31865461,1979.0
30528086,2010.0
30280518,2011.0
29895175,2006.0
9764248,1964.0
28322216,1940.0
30239939,1967.0
12177593,2007.0
25756832,1976.0
30642093,1935.0
20904652,1979.0
17549642,1954.0
32386989,2010.0
31527824,1913.0
31939460,2004.0
30700595,2011.0
33350598,1924.0
25496318,2010.0
36267458,2015.0
22501300,1953.0
20581320,1972.0
26890887,2008.0
7235710,1947.0
33055439,1957.0
33933567,2018.0
12612167,1989.0
11418685,2000.0
27856465,2011.0
20903296,1976.0
24643105,1971.0
29593417,1970.0
14503425,1942.0
17182471,1977.0
13403078,1977.0
12151513,1985.0
8307454,1997.0
17183263,1950.0
8893009,1945.0
31008706,2009.0
29582857,1936.0
4379518,1968.0
31525937,2008.0
19864257,1978.0
8735598,2001.0
32188620,1995.0
19679948,1953.0
20953724,1958.0
30828793,2011.0
33525076,2012.0
21286682,1955.0
11588702,1973.0
32762905,2008.0
22657757,2008.0
33253871,2002.0
12594852,1962.0
33877690,1934.0
31087548,1981.0
11117479,1947.0
9731626,1978.0
17354667,1976.0
13341000,1960.0
35194285,1920.0
33270404,2012.0
33923731,2012.0
29272442,1953.0
33750423,2011.0
24862296,1962.0
20581391,1972.0
21184469,1955.0
30021572,1964.0
32977091,1920.0
19399445,2005.0
33477413,1986.0
25119867,2010.0
31140194,1990.0
20187054,2001.0
29153723,1950.0
20244917,1970.0
31535423,1926.0
7452100,1943.0
31762933,2009.0
22140149,2004.0
25905442,1988.0
8646774,2006.0
414113,2001.0
12813418,2007.0
21450642,1979.0
33477432,2009.0
729037,1992.0
28835613,2010.0
24239067,2009.0
25166509,1958.0
29137661,1964.0
27336188,2006.0
16317239,1957.0
30506374,2009.0
20903138,1974.0
11142160,1977.0
10536621,1895.0
16047670,1956.0
29200403,1984.0
12076940,1996.0
20555320,1986.0
31014880,1915.0
29337282,1955.0
9893562,1999.0
20272899,1992.0
31390744,2011.0
29760977,1938.0
33198278,1951.0
28150294,2004.0
16548379,1988.0
21705328,1983.0
19419703,1962.0
9415478,1979.0
29262311,1953.0
28951019,2009.0
31087388,1980.0
27352697,1989.0
1859118,1986.0
32084589,2009.0
33498712,1998.0
2251010,2003.0
8845327,1961.0
18891449,1977.0
26825315,1947.0
14299622,1971.0
36025820,2013.0
8164669,1936.0
31087402,1980.0
24044203,1934.0
11189582,1999.0
21687214,1932.0
30733210,2010.0
33789163,2013.0
11142400,1975.0
19936431,1994.0
18509569,2007.0
25527519,2010.0
21039177,1967.0
25926314,1953.0
26799264,1971.0
16689969,1980.0
26326388,2013.0
7120180,1994.0
31731713,1951.0
28082284,1954.0
20903038,1974.0
34155451,1988.0
20903348,1976.0
11760990,2006.0
29237038,2005.0
19431968,1949.0
13782034,1970.0
29726489,1966.0
32969964,1916.0
30757475,2012.0
4582366,2000.0
33623286,2011.0
33699900,1982.0
34366102,2013.0
30549208,1958.0
15350416,2007.0
20581342,1972.0
28128839,1966.0
24607695,2009.0
28540816,1985.0
33373295,1986.0
33269485,2011.0
30738119,2006.0
30895351,2000.0
24875034,2006.0
18940858,1936.0
13465448,2007.0
23806960,1988.0
26749281,1934.0
10059040,1987.0
32136310,2011.0
29747214,1997.0
31521717,2011.0
33382022,2010.0
31509436,1936.0
33625001,1916.0
31866276,2012.0
17093635,2008.0
27745239,2010.0
15986549,1966.0
16340404,1957.0
22317635,1934.0
24665513,2009.0
12370619,1986.0
9632641,1986.0
32484080,2009.0
33807775,1933.0
26953458,2009.0
21182231,1944.0
15523657,2007.0
32969212,1948.0
32103148,1999.0
10770360,1974.0
30607953,2011.0
7220660,1924.0
25337184,2008.0
9380536,2004.0
32376046,2010.0
18178441,2008.0
33938151,1934.0
19624650,1972.0
20957917,2002.0
3644428,1938.0
31323864,1959.0
8085610,2006.0
9397166,1961.0
29271768,1954.0
15727192,1971.0
28845632,1979.0
19853432,1980.0
29162397,1951.0
27443027,1993.0
26192837,1946.0
24605022,2004.0
31087331,1979.0
33175807,1969.0
16551548,1963.0
31958798,2011.0
31718825,1926.0
16779150,2001.0
26589218,2010.0
31740169,1964.0
21915379,1972.0
10141485,1964.0
35643220,2013.0
12150412,1998.0
31031148,1947.0
19509747,1970.0
28955863,2010.0
34397650,2017.0
33620321,1934.0
18539693,1942.0
8952359,1920.0
12028378,1949.0
32251157,1926.0
7688771,1944.0
37283373,1989.0
20177216,1928.0
33537101,1953.0
31255600,1929.0
8890448,1935.0
32002362,2013.0
18849276,1938.0
30927917,2011.0
12759422,1937.0
10131432,1958.0
20954463,1958.0
31038386,1987.0
33269863,2011.0
19420226,1972.0
21760588,1953.0
33288458,2012.0
9307577,1977.0
28762086,2008.0
27995445,1922.0
14992876,1940.0
18055949,1991.0
33427572,2013.0
26168723,1975.0
24922498,2009.0
8285297,1990.0
33353614,2011.0
8285285,1936.0
33675626,2001.0
31120441,1960.0
33946021,2011.0
30232582,1914.0
27671458,1981.0
29391341,2010.0
34086219,1964.0
13140305,2001.0
32999636,1958.0
18907448,1956.0
31025350,2010.0
18066571,1986.0
32176104,2009.0
31411047,2010.0
5094861,1954.0
2824016,1995.0
14553699,1931.0
10276033,2004.0
20930304,1954.0
29558436,1923.0
30402552,2009.0
20903254,1975.0
25760216,1999.0
33961634,2012.0
9877930,1931.0
13985767,1952.0
14313356,1944.0
24378824,2013.0
25884226,1953.0
19478690,1995.0
33181235,1953.0
10931608,1957.0
3602432,1937.0
20906855,2009.0
13161277,1948.0
28642213,1987.0
21257679,1950.0
23897447,2007.0
31177124,2011.0
30963615,1983.0
12606007,1976.0
32766712,1994.0
22951505,1976.0
25984244,1932.0
32411644,2010.0
27884321,1970.0
33126207,1994.0
6814160,1970.0
19985337,2008.0
8859630,1978.0
18942108,1954.0
24086764,2007.0
9474810,1977.0
2005851,2004.0
21952080,1998.0
33174598,1930.0
27498636,1988.0
12277287,1950.0
13904106,2008.0
29175967,1951.0
32977950,1951.0
33316176,2011.0
11652882,1941.0
5156655,2005.0
31322371,1948.0
13079144,1932.0
30635557,2011.0
33354705,2010.0
9082833,1973.0
10759485,1952.0
14160641,1946.0
11142723,1978.0
31748184,2009.0
33736234,2011.0
34024075,1959.0
33362426,2012.0
11667699,1985.0
6120674,1966.0
10582947,1991.0
31656285,2011.0
32077392,1923.0
9105018,1953.0
16590358,1966.0
32124420,2011.0
14830015,1978.0
33071010,1909.0
29853190,1923.0
28035306,2009.0
25180809,2008.0
32981869,1920.0
8893302,1999.0
5565430,1979.0
32498225,2011.0
10772229,1961.0
10017751,1977.0
32037819,2011.0
15478149,1996.0
20305445,1933.0
25806227,1982.0
19036521,1947.0
7140121,1977.0
18305210,1961.0
21412951,1949.0
31863888,1925.0
31222593,2010.0
33536731,1916.0
32207543,2011.0
28104226,2011.0
13127579,2007.0
20581262,1972.0
30107738,2010.0
30008370,1970.0
14264140,1894.0
32198986,1932.0
28983510,1923.0
24122710,1970.0
10322586,1950.0
30723003,2010.0
28212300,2011.0
31612500,2011.0
11141914,1981.0
12028596,2003.0
33428815,1944.0
31940309,2011.0
29175943,2011.0
17183194,1950.0
20588875,1967.0
13727751,2009.0
31186026,1971.0
31740844,1952.0
17026420,1974.0
16166115,2000.0
14338296,1984.0
29775171,2007.0
33555541,1958.0
29175285,1961.0
29812050,1939.0
29680481,1996.0
21792217,2007.0
23837523,1937.0
35816879,2013.0
20904621,1979.0
7143242,1979.0
5688997,1999.0
4561284,2000.0
8887331,1977.0
11744739,2000.0
26378188,1959.0
29816737,2011.0
19096046,1976.0
26465093,2012.0
33639263,1993.0
26722640,1939.0
32574916,1922.0
20343515,1967.0
29548700,1963.0
33082745,2011.0
31043195,1969.0
18348747,1955.0
17891259,2008.0
31107918,1959.0
31631735,1958.0
32791398,2005.0
7222173,1971.0
34611534,2006.0
31635274,2009.0
24873475,2011.0
30987721,2009.0
20581095,1971.0
4570541,1931.0
22965306,1975.0
21027226,2007.0
32631472,2004.0
11749807,1970.0
20492976,1944.0
23720284,1979.0
35037092,1962.0
31752140,1996.0
15656336,2003.0
10484958,1953.0
31997881,2010.0
28379491,1963.0
20452868,1940.0
28865180,2009.0
30455353,2011.0
29056807,2010.0
22579056,2007.0
28081652,1966.0
36025654,1925.0
14668600,2005.0
13140115,1969.0
29145705,1950.0
31782714,2010.0
30827126,1951.0
18089307,2007.0
12719672,1976.0
20006535,2007.0
31843968,1997.0
12396731,2006.0
20695929,1956.0
4876291,1958.0
3959236,1997.0
32944297,2007.0
16643103,2007.0
33415486,1989.0
31939715,2011.0
33001732,1964.0
13389400,1984.0
31255687,2010.0
21267539,1964.0
20904622,1979.0
26822699,2009.0
18361276,2008.0
34597235,1995.0
21255292,1952.0
31015146,1917.0
20579748,1970.0
9479413,2004.0
30476446,2004.0
31570145,1930.0
9362958,1992.0
6020797,1950.0
33657143,1919.0
35890925,2013.0
26748099,2009.0
22834794,1991.0
21379704,2005.0
12971182,2006.0
31917369,1903.0
2274781,2002.0
31348360,1998.0
10332554,1997.0
32756649,2009.0
9055736,1944.0
33602952,1988.0
33238079,2001.0
28928151,1975.0
27644217,1978.0
32379313,1949.0
22410313,2007.0
32358293,1984.0
31995467,1972.0
33355353,2000.0
12009749,1956.0
19394683,2008.0
11254528,1964.0
22112266,1988.0
20581098,1971.0
18823741,2002.0
27798849,1952.0
4280498,1933.0
15886920,1963.0
18031237,1981.0
19834902,1968.0
33690412,2008.0
30658422,1936.0
9907172,1978.0
21411207,1950.0
18587578,1936.0
34298416,2005.0
1192600,1999.0
33971842,2012.0
29155235,2010.0
30889184,2010.0
9573565,1998.0
32813130,1926.0
29157121,1926.0
9062834,1943.0
20530291,1945.0
8113653,1939.0
25655653,1966.0
20902995,1973.0
19937528,1950.0
11143178,1975.0
32289648,2012.0
27221760,2009.0
31635747,2011.0
14857839,2007.0
20902696,1999.0
9424459,1998.0
9308677,1980.0
22426334,2007.0
28506925,2009.0
21086727,1959.0
22623307,2008.0
19859274,2008.0
11286804,1983.0
31291014,2011.0
26775542,1986.0
6448643,1978.0
9390549,1999.0
33839935,1934.0
4515300,2005.0
33477362,2005.0
31675343,2012.0
20912844,1918.0
29932707,1977.0
27966741,1934.0
12753229,1943.0
24104924,1929.0
36683833,1987.0
28467582,1972.0
33063223,2011.0
34196788,2004.0
2020210,1939.0
18331475,1966.0
26785528,1987.0
17181923,1972.0
8393308,1947.0
26532042,1998.0
21993186,1950.0
34896765,1995.0
9101484,1918.0
23773447,1915.0
31443745,2010.0
27722162,1925.0
31144225,1947.0
32549690,1971.0
32230171,1986.0
22707566,1950.0
20565084,2002.0
31555973,1932.0
32888692,1987.0
31774721,1965.0
27413039,2011.0
32289944,2011.0
16265204,1986.0
20581428,1972.0
32440494,1999.0
32556450,1968.0
18922715,2008.0
32699320,1986.0
28149669,1931.0
26913157,1963.0
34597747,1998.0
31544790,1981.0
20383447,1986.0
26339160,2009.0
20579778,1970.0
32490775,2011.0
34709971,1974.0
26181753,1904.0
32550044,1990.0
28792297,1979.0
17146579,2000.0
33412269,1958.0
33710269,1966.0
11645164,2006.0
20636823,1927.0
22707897,1952.0
20208180,1974.0
33646481,1999.0
30692419,1941.0
31487737,2010.0
8531151,2002.0
29860743,2009.0
10791829,1977.0
2453986,1937.0
31290638,1997.0
3150798,1949.0
26003987,2009.0
32199042,1932.0
26318269,1941.0
25604628,2010.0
31314997,1970.0
20904616,1979.0
31704761,2011.0
16893895,1941.0
35899727,2016.0
31763557,1965.0
29298896,2009.0
20904642,1979.0
14937494,2001.0
20904435,1978.0
20350062,2006.0
10345445,1895.0
25117791,1972.0
15916994,1971.0
22718490,1953.0
21022248,1955.0
9572874,2004.0
18563253,1963.0
27277534,1930.0
17020848,1961.0
31031744,1948.0
33451031,2012.0
33125783,1967.0
23963303,2007.0
22739230,1940.0
8598070,1987.0
14182741,1990.0
15641462,1949.0
26952694,2010.0
23514505,1982.0
12570828,2005.0
28139489,2010.0
28246375,2005.0
10091427,1940.0
24296024,2009.0
36938359,2011.0
9074158,1996.0
32978913,1922.0
19432848,1991.0
19162068,2004.0
33276299,2012.0
33044333,1961.0
33675944,1960.0
27074481,1989.0
14884185,1940.0
15633473,2001.0
32300689,2007.0
31098177,2000.0
22728861,1955.0
10066083,2003.0
29590404,2011.0
33446745,2013.0
25478071,2008.0
28330177,2000.0
20354398,2009.0
32199706,2008.0
6147609,1930.0
29069189,1926.0
30548381,1999.0
20903235,1975.0
15505810,1924.0
30855581,2013.0
2967410,2015.0
23484219,1976.0
28243365,2010.0
24494077,2008.0
35696670,2016.0
22016018,1969.0
24698082,1961.0
21112250,1992.0
31140821,2012.0
32157917,1977.0
34090954,1955.0
22130017,2013.0
18567211,2001.0
21753009,1976.0
22770217,1971.0
26111263,1973.0
31608273,1954.0
34274755,2009.0
20378607,1976.0
35951335,2013.0
32986603,2012.0
21606324,1935.0
21805589,1989.0
8859031,1944.0
33396250,1987.0
33282724,1999.0
33233579,2006.0
25893708,1983.0
20175129,1974.0
11780359,1979.0
8392449,1966.0
31609296,1955.0
29408875,1925.0
32334060,1973.0
19187641,1933.0
10405383,1949.0
33418077,2011.0
25144252,2009.0
21194936,1952.0
24490491,2004.0
31091773,1982.0
20904183,1977.0
19626371,1993.0
12290190,2001.0
20654135,1933.0
18909215,1938.0
28364573,2008.0
20904212,1977.0
10087219,2000.0
31276636,1937.0
20888141,2008.0
13274912,2002.0
33477332,2009.0
25890702,1994.0
13875367,1978.0
16409133,1958.0
36625840,2013.0
9805820,1976.0
25056461,1921.0
33914335,1978.0
18897090,1954.0
32053787,2011.0
7742799,2004.0
16019200,2004.0
33437210,1985.0
14559947,1985.0
16626966,1969.0
30037730,2006.0
3921202,1987.0
14517170,1997.0
17213363,2007.0
30692736,1941.0
24031621,1988.0
7749813,1983.0
19106175,1960.0
28330141,1941.0
31314888,2007.0
32110871,2012.0
9989401,2001.0
16930772,1956.0
32582222,1922.0
30784331,2009.0
34077321,2010.0
6125779,1996.0
33833075,1970.0
7109494,1962.0
14287305,1971.0
25645116,2009.0
15676631,1965.0
13533480,2002.0
32508126,1997.0
20903091,1974.0
26082312,2010.0
30597530,1932.0
24709063,2006.0
19246141,2001.0
32036090,1988.0
33032322,1986.0
17143077,1969.0
35573721,2001.0
26974355,1916.0
31087559,1981.0
13074006,1986.0
10552882,1947.0
10221326,2001.0
11535946,1941.0
36601633,2012.0
33772432,2007.0
26613721,2008.0
14073405,1970.0
30739691,1946.0
19042358,1935.0
29156295,1950.0
7319913,1991.0
30086970,2010.0
23401287,2003.0
33629922,1993.0
28182192,1973.0
8356285,1986.0
29273181,1953.0
17362116,2004.0
19043560,1935.0
11457408,2008.0
33976201,1996.0
13389064,1958.0
17214118,2009.0
27932336,2009.0
18941106,1953.0
21732359,1982.0
23195768,1971.0
21689271,1939.0
5821587,1976.0
33437180,1988.0
2453989,1937.0
30245707,2009.0
25438380,1979.0
31944837,2010.0
19069300,1949.0
29828624,2009.0
31733613,2012.0
26742834,2009.0
30581040,1929.0
20444120,2000.0
19895306,2004.0
13164938,1966.0
3581132,1965.0
31191566,1986.0
33062958,1988.0
14389896,1961.0
23484100,1960.0
25065018,2009.0
33641272,1940.0
33841272,2007.0
26428842,2009.0
32404910,1930.0
33536692,1936.0
9694029,1977.0
31813037,1967.0
30518589,2011.0
15003244,1925.0
35828316,2013.0
21035672,1958.0
30745592,2011.0
33828385,1915.0
33551042,1970.0
18691178,2007.0
24583399,2000.0
33076889,2011.0
8373157,1967.0
25905775,1988.0
31141169,2011.0
9855165,1942.0
18822942,2001.0
15763624,2001.0
30650944,2010.0
31016294,1917.0
25515016,2006.0
30560837,2011.0
20581379,1972.0
26106991,1989.0
12139290,2007.0
31868367,1970.0
29374918,1959.0
23827734,1999.0
30838175,2006.0
8915270,2006.0
17026021,1997.0
28048549,2010.0
15247964,2001.0
31931578,1963.0
18332070,1965.0
28590133,2010.0
18968665,1946.0
29331842,2011.0
24237252,1933.0
14739336,1951.0
31135082,1989.0
31664553,1952.0
25816034,1987.0
34191364,2011.0
16341405,1934.0
29186802,2010.0
20904071,1977.0
33802867,2011.0
25157975,2006.0
31143044,2011.0
11141891,1981.0
28728746,2003.0
20955131,2001.0
11083630,1990.0
29274369,1924.0
29343358,1956.0
20695379,1959.0
32921214,1966.0
21870411,1957.0
31609694,1952.0
31016375,1918.0
31822704,2002.0
7289636,1916.0
10131391,1958.0
29693026,2010.0
33158895,2011.0
36045451,2013.0
26761990,2009.0
24176843,2008.0
19556367,1933.0
11733303,1926.0
20591589,1996.0
36383569,2015.0
11978608,1931.0
31527836,2004.0
33477583,1926.0
11275290,1964.0
30687321,1970.0
20951313,1953.0
33644225,1962.0
31180522,1926.0
10791971,1980.0
26146275,1915.0
8456178,1987.0
33545566,1920.0
24751335,2009.0
29982114,2012.0
19981940,1947.0
18078844,1930.0
10558376,2002.0
12522561,1946.0
22620929,2008.0
5565739,1968.0
29248306,2008.0
14737225,1947.0
33099654,1973.0
25661983,2004.0
9869764,1982.0
20581131,1971.0
8647983,1971.0
31087569,1982.0
32348497,1922.0
20904193,1977.0
29153906,1949.0
13840572,1940.0
24873731,2011.0
35158701,1945.0
9967312,1967.0
24099991,2008.0
31333638,1937.0
10843269,2006.0
28149667,2010.0
23510371,2008.0
34155549,1982.0
33599475,2011.0
10172502,1934.0
26152129,2010.0
21168030,1956.0
32673887,1976.0
36012788,2013.0
22727026,1983.0
14431444,1977.0
21303896,1957.0
11933660,2004.0
28215750,2009.0
34995217,2011.0
32621233,1950.0
22545562,1971.0
33872912,1953.0
16476711,2009.0
27229493,2008.0
18519392,1969.0
14274311,1992.0
32424037,1920.0
19092476,1974.0
33749975,2011.0
33662994,1983.0
30918407,1979.0
14854126,1979.0
26995862,1920.0
8949170,1997.0
17718122,2007.0
31079280,1915.0
19524540,1992.0
29865122,2009.0
9963622,1990.0
9403161,1984.0
19524078,1988.0
29345460,1957.0
12223619,1995.0
6935499,2007.0
29155833,1951.0
16324893,1988.0
26190611,2010.0
31152514,1938.0
12338593,1973.0
10801721,1937.0
11142696,1984.0
16930475,1946.0
33548557,1925.0
27843951,1917.0
30127126,2012.0
31956136,1922.0
33651343,2007.0
28180876,2007.0
14073877,1970.0
15569792,1984.0
35346685,1982.0
34000072,1934.0
29131971,1997.0
31946692,2011.0
21714757,1961.0
32071061,1939.0
16943176,2009.0
21253361,1956.0
31781891,2001.0
20581083,1971.0
21420530,1983.0
15962521,1978.0
13632321,1937.0
21062952,1989.0
7226837,1913.0
25130101,2009.0
33882599,1982.0
28973003,1964.0
24358912,1982.0
8267244,1936.0
21451093,1949.0
18916894,1978.0
35320691,2011.0
20581330,1972.0
20997446,1939.0
31619622,1938.0
21260219,1993.0
22755185,1986.0
12440059,1999.0
33526891,1919.0
23998241,1925.0
8949953,2006.0
13517729,1988.0
22653051,2008.0
3365597,1938.0
18920491,1955.0
24660480,2008.0
23003389,1958.0
32353011,2011.0
31212002,1990.0
31926204,1896.0
26624894,1913.0
32183353,1932.0
31087579,1982.0
20904672,1979.0
33362692,2012.0
23839545,1980.0
26088853,2010.0
10064426,2007.0
21251674,1956.0
18066633,1992.0
14075900,1970.0
28997861,2010.0
4204718,1984.0
29639361,2010.0
31630850,1957.0
33885298,1971.0
26424577,2009.0
30759676,1955.0
8770396,1981.0
33945297,1973.0
32603808,1921.0
7297949,1995.0
16974971,1982.0
20579746,1970.0
2211811,1994.0
29103170,1917.0
32976903,1920.0
19104446,1939.0
20579730,1970.0
25401485,1999.0
21881879,1960.0
29155266,1950.0
20903066,1974.0
13444531,2006.0
34070403,1962.0
29121828,1958.0
24284414,2003.0
8215272,1949.0
27856314,1971.0
28317618,2009.0
26736902,1929.0
12748118,1991.0
34049319,2006.0
10792028,1984.0
32603015,2010.0
24650088,2003.0
24362247,1987.0
12206655,1997.0
22706056,2008.0
22904672,1932.0
4588970,1977.0
29760794,1936.0
36030847,2012.0
8637312,1984.0
20377807,1963.0
4108329,1937.0
33521245,1957.0
32895653,1959.0
1448828,1987.0
18829511,2007.0
33900595,2011.0
32442541,1987.0
10792128,1979.0
19102100,1961.0
30534369,1974.0
31513414,2009.0
12506756,1986.0
12301918,1992.0
27155435,2010.0
32312198,2009.0
31192938,2009.0
20902917,1973.0
33037045,2005.0
13626881,2001.0
3602606,1937.0
30597856,1932.0
21409468,1950.0
20944018,2006.0
31323854,1959.0
5305725,1955.0
24583250,1978.0
28149625,1937.0
7608767,1936.0
10017100,1937.0
7454475,1977.0
12607184,1933.0
24170458,1979.0
30767591,1960.0
30834196,1922.0
26465857,2010.0
32846639,2011.0
34032686,2011.0
17183035,1950.0
31087332,1979.0
21005674,2008.0
7241443,1914.0
20696066,1941.0
29890953,1999.0
28318776,2007.0
15866078,1976.0
32877787,2011.0
30382494,2010.0
18301028,1966.0
32806120,1994.0
18580166,1956.0
30867667,2011.0
29447646,1962.0
33923308,2012.0
18647075,1985.0
32724391,2012.0
31070060,1934.0
30329516,1987.0
31500369,2012.0
31523771,2011.0
33468740,1924.0
7675343,2006.0
32999264,1964.0
29117350,2010.0
28259249,1980.0
22375407,1951.0
21187391,1961.0
21252346,1956.0
31703622,2011.0
32393630,1906.0
35798690,1997.0
20378732,1981.0
33772505,2005.0
10085735,1934.0
8811213,1956.0
20477323,1953.0
27894969,1949.0
32359124,1992.0
30012633,1957.0
26359275,1964.0
31750495,1962.0
31352345,2004.0
29258343,2009.0
9308575,1980.0
24824041,2009.0
20903332,1976.0
31014708,1915.0
20757264,2013.0
33484048,2011.0
29376143,1961.0
33815540,2011.0
32989681,1998.0
21469519,1949.0
20903329,1976.0
33491059,1942.0
34158049,2011.0
28245655,2010.0
32399555,1897.0
20904594,1979.0
31624762,1901.0
19887328,1962.0
23097775,1993.0
33068050,1993.0
21429198,1990.0
33333482,2009.0
16171490,1992.0
20904358,1978.0
33371492,2010.0
20581373,1972.0
34983776,2008.0
31197173,1937.0
32552441,1920.0
34000732,1953.0
23593030,1995.0
18823183,2000.0
8988546,1974.0
32441881,1955.0
33805732,2010.0
32541723,1952.0
30628416,1934.0
12533018,1975.0
26743041,1972.0
14661861,1993.0
30767343,1958.0
11141782,1975.0
29262521,1953.0
25994788,1985.0
20904391,1978.0
24797567,1965.0
34115082,2011.0
31879956,1923.0
9646347,1999.0
17931970,1979.0
18923360,1930.0
25917983,1982.0
13727094,1968.0
31506755,1933.0
17457192,1954.0
9613149,1988.0
24992760,2004.0
18382292,1950.0
2376328,2003.0
33436269,1989.0
33845509,2011.0
19680592,1937.0
17181266,1972.0
15782169,2004.0
15718018,2007.0
20904301,1978.0
36297167,1989.0
26297867,1965.0
8705885,1995.0
21043438,1957.0
26462086,2009.0
24498848,1995.0
12113933,1983.0
30497358,2010.0
23110403,1971.0
24971148,2009.0
29544686,2019.0
31474893,2011.0
14640866,2007.0
12058668,2005.0
31023727,1919.0
29164839,1927.0
32567844,2010.0
33861255,2011.0
26641614,2010.0
5859545,2007.0
31759904,2007.0
21727678,2000.0
24583425,1990.0
18463637,1943.0
17182170,1972.0
14290237,1994.0
28341042,2013.0
31159194,1931.0
19351170,2002.0
31013554,1913.0
18351401,2002.0
12601907,1946.0
7556999,1986.0
11471041,2007.0
21769565,2005.0
28943027,2007.0
19134042,1975.0
25799188,1988.0
32840421,1954.0
24438733,2006.0
9309271,1993.0
33545423,1938.0
19343738,1946.0
10834597,1995.0
17840912,1999.0
14841219,1940.0
28578800,2010.0
26040262,2009.0
15946757,1984.0
18960947,1999.0
18790597,2001.0
30662195,2010.0
32567988,2004.0
28160687,2012.0
10826173,1985.0
14537381,2007.0
33395642,1986.0
6417788,1925.0
28927786,2006.0
33477458,1972.0
7818706,1983.0
10595362,1951.0
31911361,1934.0
25882383,1952.0
14785825,2009.0
14214911,1973.0
22435412,1922.0
30962190,2022.0
25529530,1973.0
33916997,2009.0
28680396,2006.0
21629628,1965.0
13856422,1957.0
5335108,2006.0
20481244,1995.0
11143260,1977.0
28507160,2006.0
23032931,2004.0
18906725,1953.0
32613588,2010.0
8806024,1940.0
24376894,2009.0
30040998,2011.0
32294039,1968.0
29337689,1956.0
28268427,2010.0
33088785,1924.0
17595982,2007.0
7741916,2003.0
18905567,2002.0
34541698,2013.0
21720602,2010.0
21687004,1933.0
27430906,1941.0
17181212,1972.0
20386610,1928.0
29872558,2010.0
2140657,2005.0
36938684,2011.0
29984344,2009.0
17031503,1964.0
19402484,1945.0
26913298,1978.0
15287294,1939.0
25958894,1976.0
24910722,1959.0
25329994,2015.0
31632472,1958.0
21849247,2003.0
12151598,1945.0
12576635,2007.0
19920277,2001.0
26374364,2008.0
22755896,2012.0
17321552,1973.0
9315230,2002.0
25968434,2009.0
14969461,1980.0
28858055,2013.0
27867406,2008.0
30745655,2011.0
8791905,1998.0
18823101,1934.0
8760404,2006.0
15449599,1970.0
32984917,1990.0
34048111,2013.0
25392992,2010.0
31109576,2011.0
24547695,2006.0
30478883,2011.0
25118264,1942.0
16255910,2007.0
33381122,1932.0
20903047,1974.0
25871615,1952.0
20904637,1979.0
31016473,1919.0
33283024,2010.0
9653949,2001.0
33788078,2018.0
31169046,1990.0
22119521,2009.0
32173981,1931.0
35828396,2013.0
28556362,1916.0
9591852,1989.0
31042828,2009.0
20365195,2008.0
24662892,2009.0
14143414,1940.0
19646616,1969.0
29262087,1953.0
28834956,1968.0
30768715,1960.0
31418526,2011.0
28822100,1970.0
22776261,1981.0
32338949,1899.0
12880020,1993.0
17350485,1947.0
33097020,1986.0
13195338,2007.0
32305031,1980.0
31812394,1929.0
5894794,1938.0
19096565,1957.0
27876056,2011.0
24794232,2010.0
20396303,2005.0
3936017,1982.0
27193951,2011.0
26323913,2009.0
29082759,2009.0
33446619,1956.0
23114362,2009.0
25716739,1985.0
7919681,2002.0
21285918,1953.0
15836722,1941.0
36384561,2013.0
28166320,2010.0
20904523,1979.0
10597501,2006.0
25767452,1992.0
29111929,2010.0
8297949,1987.0
18087602,1986.0
21022517,1957.0
33333721,1951.0
31901231,1901.0
13767027,1992.0
29470516,1977.0
9798390,1990.0
9717404,2007.0
30636427,1993.0
34521913,2017.0
26878248,1960.0
34026231,2007.0
27641683,1998.0
2506338,1947.0
31079075,1926.0
26096080,2010.0
31033702,1955.0
19048332,1952.0
31131421,2011.0
924115,1990.0
12147366,2007.0
17891510,1948.0
17874443,1942.0
11434667,2007.0
12746241,1976.0
20636486,1925.0
25971639,1992.0
9130769,1988.0
10307591,1951.0
18051343,2008.0
31076354,1940.0
32419472,1952.0
14547743,2005.0
32834566,1993.0
10984050,1956.0
24952483,1962.0
11199033,1984.0
33972221,1992.0
16690792,2002.0
17417457,2008.0
33364034,2011.0
20904577,1979.0
26637484,2007.0
28403410,1977.0
26530618,2010.0
10537471,1895.0
31610170,1976.0
13197175,1975.0
13135357,1963.0
18003095,1990.0
32602793,2011.0
25731303,1917.0
33237722,2013.0
6480279,1923.0
8890551,1949.0
35806052,2004.0
20904645,1979.0
29245395,1952.0
32071732,1928.0
28743583,1990.0
24793352,1960.0
25671946,1934.0
34019635,1935.0
19865424,1989.0
33103156,1991.0
14740084,1952.0
23388098,1934.0
32299617,1954.0
32772055,1934.0
12594236,1988.0
15721612,2008.0
10516125,2007.0
20273375,2008.0
19253013,1999.0
10542644,2006.0
27997713,1941.0
31932717,1993.0
33808943,1931.0
29288670,1925.0
13104438,1990.0
12654519,2008.0
10791947,1979.0
22750324,1958.0
18070051,2006.0
27906885,2010.0
4967037,2005.0
15604503,1992.0
30277350,2010.0
28609281,2010.0
32671897,1940.0
19932734,1952.0
18891400,1977.0
20904426,1978.0
24262344,1980.0
30687666,2008.0
20838433,1998.0
13584341,2007.0
33498314,1981.0
20929127,1987.0
24803002,2009.0
20624761,2002.0
24642985,1962.0
10640635,1979.0
30595475,1931.0
2454002,1938.0
30404026,2011.0
32069237,1980.0
15204633,2007.0
27372487,1902.0
25375336,1962.0
28320003,2002.0
8893058,1928.0
12695280,1947.0
30680233,1939.0
13517585,2007.0
32655901,2009.0
33663027,2012.0
9596320,1998.0
34078335,1935.0
29172277,2010.0
34160632,2011.0
29407319,1960.0
32987418,1968.0
8828263,1983.0
16276404,2008.0
8389145,2000.0
31841336,1937.0
7236897,1913.0
32880153,1934.0
29561750,2010.0
29642697,2010.0
8292700,1992.0
31374318,1970.0
11338198,1986.0
4896153,1965.0
10051555,2001.0
10051554,1987.0
34600556,1938.0
27884526,1939.0
31928499,2012.0
30739444,1944.0
33277159,2014.0
21915745,1968.0
27876763,2006.0
23180133,1972.0
35683731,2013.0
21773438,1949.0
27301847,2010.0
32144390,2000.0
33871884,1997.0
33935599,1959.0
12688431,2004.0
12661000,1970.0
14738699,1950.0
20903202,1975.0
11007509,1961.0
19030352,1999.0
23151623,2005.0
19996012,1951.0
32535486,2004.0
20904189,1977.0
16314480,2005.0
24927017,1997.0
10821209,1972.0
11524510,1991.0
29164254,1933.0
8626614,2000.0
22375261,2009.0
32810773,2008.0
26164090,1957.0
11251743,1942.0
17181577,1972.0
15829737,2007.0
30637679,1989.0
30529193,1944.0
32603982,1915.0
32833850,1997.0
32828116,1993.0
33416466,2011.0
24499110,1994.0
3604725,1938.0
16716461,2002.0
26777865,1986.0
12592456,1993.0
20149733,1917.0
19170685,2010.0
33486340,2011.0
19286365,1964.0
10573364,1961.0
26507313,1918.0
31865211,1976.0
28893425,2009.0
27141603,2018.0
28253090,2010.0
20903020,1974.0
31229892,1984.0
20181640,1991.0
10281421,1965.0
29112206,2010.0
31730286,1995.0
20321557,2008.0
20378650,1979.0
8223970,2007.0
11176725,2005.0
33493462,2011.0
29778537,2007.0
20903085,1974.0
33625375,1915.0
5369062,1980.0
31789405,1930.0
12979271,2004.0
6375973,1966.0
7613056,1998.0
28121907,1932.0
31537144,2004.0
12708457,2007.0
27072050,1999.0
32438208,2011.0
31320840,1935.0
18319098,1968.0
28468402,1932.0
29480472,2010.0
27965055,1928.0
27178299,2011.0
33234268,2011.0
36208731,2013.0
31926031,2011.0
31528177,1913.0
30728110,1945.0
21875602,1933.0
29245829,1953.0
25067458,2008.0
32956666,1968.0
14563330,1990.0
29433819,2010.0
32576862,1984.0
32786344,1986.0
27546286,1976.0
19588807,1949.0
20581307,1972.0
31744249,2008.0
5335934,2000.0
24848710,2004.0
31122969,2010.0
33477339,2006.0
33108918,1944.0
33116667,1981.0
16966935,2008.0
33919329,1924.0
20581206,1971.0
16981012,1995.0
4175318,1994.0
21206905,2009.0
16070571,2008.0
31172714,2010.0
11609074,1966.0
33370091,2006.0
27381948,2003.0
25945729,2010.0
26121980,2009.0
18069089,1989.0
12194848,1952.0
26889303,2002.0
20904516,1979.0
1167676,1993.0
21829255,1994.0
31810790,1960.0
32978841,1922.0
18909319,1956.0
869607,1953.0
20530443,1942.0
19032035,1999.0
33269878,2011.0
21867934,2003.0
32149673,1924.0
11607632,2007.0
28368662,2010.0
10037147,1978.0
18612761,1964.0
31309779,1966.0
19187678,1933.0
18361022,1966.0
32932029,2010.0
12595048,1965.0
27992101,1951.0
31477910,2009.0
31424530,2010.0
19498936,1991.0
32076844,2011.0
14609895,1945.0
23909982,1964.0
31185368,2010.0
30732491,2010.0
26364077,1949.0
20903026,1974.0
18553892,2000.0
20904625,1979.0
30690739,2011.0
27046797,2010.0
32295257,2009.0
18846859,1998.0
20065043,1924.0
27789393,2010.0
35667026,2012.0
25528902,1976.0
18726475,2005.0
34463459,1914.0
32343064,1978.0
26407560,2010.0
29303049,1955.0
31568441,2010.0
10534885,1895.0
14242921,1970.0
9479998,2009.0
33261550,2012.0
34117192,1988.0
23544493,2009.0
33006960,1918.0
23590769,2009.0
13347865,1960.0
17182765,1951.0
16412617,1953.0
16206915,1984.0
36216637,1975.0
7853164,1977.0
32340933,1898.0
34155455,1984.0
33327287,2006.0
31189572,1927.0
17516197,1921.0
30948262,2009.0
33899029,1959.0
33477335,2007.0
17491852,1952.0
25827438,1984.0
25959233,1984.0
31673266,1963.0
25164108,2010.0
5369889,1996.0
28148709,2010.0
25165392,2009.0
21731010,1989.0
28696737,2000.0
18603052,1984.0
14362599,1942.0
26106118,1959.0
17595657,1998.0
33773125,1986.0
25743052,1954.0
7244461,1915.0
20627774,1993.0
33295707,2008.0
26555849,1949.0
21229439,1956.0
27371970,2011.0
10792100,1980.0
19462101,2005.0
33675385,1989.0
21122304,2001.0
21760910,2006.0
31252141,1953.0
14359031,1978.0
32979019,1922.0
32713779,1969.0
33528711,1956.0
8656845,2002.0
33280938,1955.0
32473776,1984.0
29313903,2010.0
31475573,2006.0
16026041,2005.0
29403982,1961.0
18768367,1970.0
19247036,1938.0
33375408,2014.0
31110752,2011.0
21534495,2008.0
32987753,2011.0
31897112,2011.0
14637446,2006.0
13541124,1978.0
32427981,1920.0
32754715,2011.0
14902397,1981.0
276762,1932.0
20990452,1958.0
32199405,1971.0
20776553,1994.0
32624770,2011.0
24256083,1972.0
19048654,1937.0
25490805,2004.0
18977044,2004.0
7499341,1987.0
30636327,2000.0
33625139,2012.0
10300212,2002.0
29055044,1994.0
32978116,1964.0
10473186,2006.0
20272820,1985.0
30646291,1994.0
4358091,1942.0
33270522,2015.0
14496113,2008.0
8408146,1948.0
16382735,1990.0
24784632,1985.0
11733673,2001.0
8114685,2006.0
20904682,1979.0
26421041,2010.0
17372206,2008.0
26489416,1951.0
32181458,1985.0
28150147,1967.0
30612625,1932.0
29247790,1975.0
20200424,2008.0
21871208,2007.0
33121513,2001.0
29966696,1976.0
29209042,1978.0
17062936,1999.0
34325711,1994.0
31015058,1916.0
32359443,1994.0
29870513,2015.0
14135535,1968.0
33494444,1971.0
32455746,2012.0
20902976,1973.0
19135077,1961.0
25577184,2009.0
26409391,1968.0
1948885,1999.0
27297814,2001.0
9438932,1929.0
24565005,2009.0
29345696,1958.0
33786174,1939.0
29362939,2007.0
31030659,2010.0
7775647,1915.0
33914221,1972.0
33374358,1973.0
25712352,2009.0
34006698,2013.0
31625764,2005.0
33906240,1990.0
35544161,1987.0
33773233,1981.0
8391507,1964.0
9410077,1992.0
19627064,1996.0
32165919,1980.0
23752614,1987.0
4488493,1996.0
33127129,1963.0
29213267,1937.0
12886719,2007.0
31401093,2011.0
31544252,1953.0
33545359,1927.0
31230842,1989.0
11109910,2008.0
34012931,1955.0
32117410,2011.0
26304500,1948.0
33437145,1982.0
28287286,1994.0
11143236,1976.0
24427369,1977.0
25647601,1986.0
20581152,1971.0
20903381,1973.0
31198144,1976.0
23446617,1972.0
25868508,1929.0
8018615,1982.0
33692318,1960.0
24476863,1916.0
15964632,1971.0
31357914,2011.0
11786000,1944.0
7654377,1916.0
19958848,1982.0
20787867,2006.0
9157055,2003.0
7983292,2004.0
18921630,1954.0
33744850,2000.0
14530577,1928.0
16251268,2004.0
11154212,2007.0
18991173,1963.0
8982564,1954.0
2686582,1997.0
14407892,1939.0
16301245,1955.0
26158831,2010.0
25271596,1981.0
12363445,1980.0
29487163,2010.0
21151612,1958.0
35968680,2000.0
22994368,1990.0
27361225,1934.0
32174783,2010.0
30843260,2009.0
18601855,2008.0
17304605,2006.0
32066683,2002.0
28809555,2009.0
26639272,1951.0
21534148,1968.0
15025581,1999.0
32546276,2010.0
15192508,2006.0
9140995,1970.0
32639879,2000.0
29449838,2010.0
26465270,2009.0
20581398,1972.0
26953760,2011.0
35508293,2011.0
1791868,2004.0
28821317,2009.0
33963948,2001.0
36025431,2013.0
9633871,1974.0
11941952,1972.0
21060939,1955.0
3855398,2011.0
11961996,1960.0
32823506,1954.0
26526438,2006.0
31581596,2008.0
22576113,2009.0
21369216,1968.0
33818095,1975.0
25931305,1988.0
32220248,1933.0
31654774,1999.0
8356148,1987.0
20902959,1973.0
4457360,1988.0
16295408,1952.0
29406237,2009.0
8968843,1952.0
31554594,2011.0
20581349,1972.0
34031098,1937.0
9272500,1947.0
17255464,2007.0
19096555,2000.0
33657159,1996.0
30460616,1998.0
35182419,2012.0
33627744,1918.0
14270537,1975.0
10015709,1980.0
32516682,2011.0
33735363,1966.0
32756959,2010.0
21440584,1955.0
14555886,1944.0
29073421,2009.0
7789821,2006.0
29221767,2009.0
33269968,2011.0
29323557,1955.0
31984575,2008.0
31507620,1934.0
30716392,1943.0
7916607,1950.0
33477555,2010.0
6368889,2006.0
21287133,1955.0
20463846,1932.0
33386614,1994.0
11188871,2007.0
33230128,1970.0
29448256,1916.0
21687162,1933.0
26097733,1987.0
24367546,2009.0
36641384,1960.0
20600329,1999.0
33326258,1998.0
31322757,1956.0
7930086,2006.0
19472164,1995.0
6800298,1953.0
31718365,1925.0
33774863,2011.0
10419008,2005.0
29154905,1950.0
18896306,1974.0
33284097,1985.0
20579781,1970.0
14510301,2003.0
33978185,1934.0
30769131,1964.0
31160651,1988.0
33015078,2008.0
31120562,2011.0
36158793,1970.0
12635192,1988.0
34644218,1916.0
26865246,1964.0
19124402,2012.0
8822504,1978.0
31869200,1916.0
33429302,1965.0
30954596,2005.0
24902637,2010.0
20694777,1933.0
29965638,1927.0
20904612,1979.0
34028793,2012.0
13272421,1971.0
35570591,1998.0
10085432,2007.0
32519181,1981.0
31139912,2011.0
22599583,1957.0
27987042,2009.0
29416772,2010.0
13584609,2007.0
21104765,1983.0
33545449,1948.0
32855042,2011.0
30757347,1948.0
29302138,1954.0
14567671,1979.0
11722245,1999.0
23276577,2002.0
32926490,2009.0
20903263,1976.0
13893870,1969.0
30828989,1983.0
34155555,1991.0
28689608,1956.0
9461803,1939.0
20017674,2007.0
18418904,1994.0
33771724,2012.0
33045721,1915.0
10134112,2008.0
28467476,1968.0
10369841,1960.0
30516248,1936.0
31835868,1969.0
32493537,1994.0
14547382,2007.0
20903239,1975.0
9990717,2001.0
22721269,1954.0
33857903,1932.0
29760749,1933.0
13238985,1963.0
14438945,1940.0
34154806,2011.0
28458316,2009.0
34155551,1984.0
19134853,1960.0
33612129,2011.0
16740442,2008.0
16975028,1960.0
33739801,1947.0
30669790,1938.0
34031623,1992.0
9547448,2001.0
29249011,1952.0
29487248,1979.0
28810603,2009.0
31544806,1953.0
19204706,1957.0
31888322,1896.0
26639555,1968.0
31509403,1981.0
34157211,1997.0
21462091,1999.0
8750050,1958.0
32693703,1978.0
18070567,2006.0
21081513,1958.0
9058851,2002.0
11143170,1975.0
27449740,1904.0
25687289,1966.0
24594251,2010.0
28745449,1927.0
8338037,1958.0
29644931,2010.0
17126419,1988.0
32479997,1913.0
31531004,2003.0
31551062,2011.0
29248702,1952.0
31738570,2011.0
32868522,1979.0
14560903,2004.0
19267667,1953.0
9598712,2006.0
32570744,1980.0
31121520,2011.0
20904519,1979.0
14126900,1993.0
10131328,1957.0
31880533,1973.0
31804091,1973.0
31996794,2010.0
34960472,2011.0
29815468,1981.0
27645260,2012.0
8608263,2000.0
6499947,2006.0
21855058,1917.0
28659402,2010.0
12575907,2009.0
8822210,1973.0
25868462,2009.0
30525350,2011.0
7423185,1980.0
20434151,1971.0
27739946,2007.0
13491480,1994.0
26079176,1982.0
22744827,1961.0
33916866,1912.0
32113696,2011.0
33918138,1934.0
20676012,1994.0
33477316,2002.0
20904191,1977.0
33388233,1986.0
31402140,2011.0
25945732,1988.0
27476145,1929.0
26927920,1965.0
25224752,1905.0
18920586,1948.0
29638056,1986.0
31833243,1933.0
24054967,1964.0
32633647,1980.0
23797370,2005.0
20176916,1928.0
33037098,2011.0
20903055,1974.0
31917249,1902.0
11871069,1973.0
31513459,2011.0
1119867,1943.0
31155218,1962.0
21112233,1958.0
18067893,1990.0
17367629,2000.0
20579743,1970.0
36281191,2012.0
33968137,1987.0
8381019,2008.0
31692632,2011.0
31069386,2010.0
29294233,1954.0
21529954,1939.0
14825911,2002.0
2639219,2009.0
34996030,2012.0
21150922,1958.0
11332969,2006.0
10876166,2006.0
29909353,2009.0
36357029,2012.0
22643663,1936.0
17754244,1988.0
30192015,1995.0
31657116,1982.0
22440999,2009.0
20554357,1995.0
22944002,2007.0
33753488,2014.0
24089292,2009.0
31908138,1901.0
9491642,1995.0
5872365,1989.0
27937199,1924.0
8075640,1937.0
21272690,1957.0
17176465,1960.0
21186308,1955.0
30404403,2010.0
31733056,2001.0
27240953,2009.0
17182986,1950.0
32546903,1974.0
9497657,1962.0
34058726,2012.0
32559610,2010.0
30612209,1933.0
34146559,2011.0
10422354,2005.0
30863419,2004.0
25187159,1985.0
31888002,1896.0
29075058,1943.0
18505633,2002.0
16340389,1956.0
31098143,1987.0
25852344,1951.0
31911943,2012.0
17182497,1972.0
34679734,2009.0
8279213,1986.0
25016724,1988.0
36673810,2013.0
17722134,1977.0
29433678,1978.0
12159008,2004.0
28444489,1989.0
15293788,2007.0
20581090,1971.0
28492965,2002.0
7601549,2006.0
27633755,2015.0
11406011,2006.0
28146980,2009.0
11347238,1953.0
31678079,1955.0
34017888,2011.0
12510051,2006.0
31673426,1995.0
31529203,2011.0
28798236,1935.0
21257525,1957.0
19435712,1978.0
25643143,2000.0
21475534,1993.0
31465744,2011.0
30663765,2011.0
29565264,1965.0
6804447,1955.0
27109421,1957.0
29808302,1962.0
21406152,1982.0
33007764,1986.0
33270310,2011.0
22048104,1993.0
9026929,2005.0
32561676,2007.0
10774002,1948.0
28086446,2010.0
13636201,2009.0
32410670,1999.0
14330027,2007.0
32357545,1987.0
35527594,2012.0
27997976,1990.0
34005323,2012.0
32214712,1934.0
32136365,2001.0
23149241,1932.0
7379288,2007.0
29272599,1954.0
27753599,2010.0
34953018,2009.0
24779022,2006.0
33847135,1934.0
6199988,1930.0
30650835,2010.0
33215291,2009.0
10791784,1976.0
30469984,2004.0
25117408,2009.0
32755760,2012.0
31871152,1992.0
24701729,2000.0
31936574,1980.0
30559230,2003.0
20904177,1977.0
31966537,1994.0
30809784,2006.0
33999102,1958.0
22228417,2004.0
14734583,2008.0
27287286,1998.0
6064848,2003.0
29760871,2010.0
31756377,2010.0
33044436,1970.0
13900328,2009.0
18322776,1970.0
33456976,2010.0
14358514,1985.0
29672762,2009.0
20581200,1971.0
23073247,2008.0
8446174,1936.0
19712273,1945.0
9547058,1948.0
31679034,2011.0
25099115,2009.0
30639653,2012.0
1494429,1943.0
30981924,2011.0
33545486,1920.0
31623179,1986.0
13569575,1941.0
13548258,1969.0
33986873,1973.0
33633233,2011.0
34595059,1974.0
26903312,1993.0
18733240,2006.0
29819573,2009.0
29763241,1955.0
20407399,1997.0
33371480,1992.0
23207948,1978.0
25894315,2006.0
8897787,1963.0
33033381,2011.0
9823209,2008.0
30958991,1903.0
19590171,2009.0
31001536,2011.0
31508730,1934.0
32057513,1994.0
20985412,2005.0
7743452,1984.0
30008886,2010.0
18254543,2010.0
8407350,1951.0
21265202,2002.0
32479122,1913.0
28793535,2010.0
20919352,2002.0
34569586,2012.0
25291256,1959.0
2836551,1942.0
34073472,1917.0
33160189,2011.0
24439329,1960.0
15100606,1928.0
21013369,1933.0
21081204,1991.0
9837554,1998.0
21751977,1950.0
30805851,2002.0
22676323,1912.0
35544927,1927.0
34035751,1998.0
14598083,2006.0
29460177,2012.0
5931755,1987.0
26391877,1949.0
18453403,1974.0
8936644,1958.0
27380443,1946.0
6210675,1964.0
21138789,1957.0
31197973,1936.0
36287718,2013.0
15760717,2001.0
33899408,1966.0
32490648,1925.0
33416762,2010.0
20902973,1973.0
21470493,1950.0
17721852,1936.0
33370228,1955.0
6245053,2005.0
19419858,1956.0
10419090,1958.0
20904657,1979.0
18597762,1990.0
30221816,1928.0
24691338,2010.0
13986359,1970.0
26315093,1997.0
32467005,2011.0
8001921,2006.0
31906537,1992.0
29457684,1962.0
21742919,1988.0
7302707,1981.0
11141753,1979.0
31889070,1900.0
31168902,1992.0
25884608,1953.0
20903451,1973.0
7084690,1977.0
7660077,1972.0
25131970,2001.0
19286251,1962.0
10788870,1948.0
26934341,1997.0
3198714,1949.0
25687017,1967.0
18926173,1926.0
1368345,1966.0
20581361,1973.0
6280601,2006.0
33435997,1989.0
17861517,1931.0
27949297,1947.0
30993068,1938.0
16966406,2005.0
30540416,1961.0
18460008,1999.0
36262221,2013.0
20807541,1934.0
9123968,2003.0
20904589,1979.0
23570742,1996.0
32620377,1974.0
20193093,1997.0
33643535,2012.0
31643324,1941.0
29726343,2009.0
31861587,2013.0
6309400,2009.0
31472006,1961.0
12219143,1968.0
30878344,1976.0
29054672,2010.0
8939529,1999.0
34155457,1981.0
35346870,2014.0
34141383,1935.0
32452967,1903.0
16843109,1999.0
23918620,1936.0
2453854,1936.0
26368674,1932.0
20903123,1974.0
7988853,1964.0
6682360,1952.0
12405229,1936.0
26441608,2010.0
24957827,2009.0
32989068,1982.0
18066516,1982.0
32526394,1991.0
33912962,1971.0
33329888,2008.0
33005234,1971.0
31528097,1919.0
11894702,1931.0
36161830,2013.0
29272086,1954.0
31356187,1922.0
22811539,2009.0
6252171,2005.0
11290558,2007.0
31426411,2011.0
33988195,2009.0
8845214,1959.0
10195510,2002.0
10587863,1936.0
26378394,1970.0
21621486,1934.0
27646011,2009.0
32820875,1949.0
33396514,2013.0
31856896,1925.0
27312845,2003.0
13848070,2007.0
33843065,2014.0
9020719,1984.0
12249756,1999.0
22486576,1963.0
12468112,1987.0
30135244,1988.0
30080636,2010.0
31229287,1990.0
33968953,1934.0
14092945,1971.0
34086005,1963.0
35300735,2013.0
13677429,2006.0
25054995,1962.0
32780154,2009.0
27264965,1967.0
32543693,1984.0
21138940,1957.0
31097143,1987.0
11252704,1942.0
20816204,1984.0
27507961,2007.0
34155445,1987.0
4471098,1928.0
29071909,1923.0
21634660,1983.0
29272722,1954.0
3072383,1946.0
20550138,2007.0
28373633,1938.0
32999479,1967.0
7596752,2002.0
29707690,2010.0
26776755,2010.0
31087555,1981.0
26399641,2009.0
32371910,1936.0
17249476,1965.0
12059622,2006.0
12634855,2007.0
19288777,2003.0
20904007,1977.0
19165776,1956.0
20581295,1972.0
24859792,2007.0
20998864,1934.0
31087327,1979.0
30715887,1942.0
31121489,1988.0
26068611,1984.0
9488284,1988.0
17182785,1950.0
5896752,1946.0
21084829,2006.0
16028780,2007.0
13557348,1957.0
7193021,1968.0
13055932,1942.0
9110018,1954.0
34180770,2002.0
36348935,1991.0
17912395,1976.0
20904293,1978.0
36525875,1976.0
3160086,1949.0
25871150,1951.0
31819207,1941.0
10225164,2013.0
17861797,1974.0
32124219,1964.0
25689620,1985.0
21353696,1973.0
33839298,1926.0
29577999,2010.0
12603362,1977.0
11720878,1956.0
10023835,1992.0
21114978,1960.0
28620465,2011.0
20903058,1974.0
9110821,1954.0
12412800,1970.0
9531236,2004.0
29275421,1967.0
31989005,1993.0
6550840,2005.0
28894456,2010.0
28483015,2009.0
24543059,2009.0
11266896,2003.0
18885319,2000.0
7468358,2003.0
25059638,2010.0
10811566,1975.0
10791960,1980.0
27675112,1953.0
28794224,1991.0
33867036,1948.0
25881579,1961.0
27500833,2013.0
25192672,2009.0
33643403,2013.0
29259560,2011.0
23633056,2006.0
29174437,2010.0
11143188,1975.0
21686589,1966.0
31309309,1962.0
21482625,1951.0
15252331,1991.0
32412373,1963.0
28237622,1952.0
10177090,1943.0
21321538,1933.0
16357111,2007.0
20064686,1925.0
32755136,1984.0
24499030,1999.0
23228676,2009.0
18907205,1955.0
29641045,2010.0
31975802,1934.0
27970777,1937.0
30612039,1933.0
27435066,2010.0
31466847,2011.0
21706954,1954.0
32884819,2012.0
32340057,1920.0
23545853,2007.0
30852116,2003.0
10264161,2005.0
22483035,2004.0
22129265,2008.0
18988278,2004.0
28511974,2010.0
19042325,1936.0
15383599,2005.0
33496618,2011.0
10198223,2007.0
9260295,2006.0
9308455,1976.0
6752415,2006.0
33141390,2009.0
33811072,1949.0
12377404,2006.0
33178076,1915.0
17152890,1999.0
12481267,1952.0
23149147,1948.0
20581140,1971.0
6707806,2006.0
26270198,2009.0
23179935,1934.0
13245548,1988.0
32976614,2003.0
18940824,1936.0
24992636,2004.0
10987923,1982.0
9640679,1961.0
6184978,1977.0
26989595,2007.0
34119564,1991.0
33745750,2012.0
15634063,2012.0
20581274,1972.0
28056519,2010.0
27721783,1934.0
20902991,1973.0
31206425,2011.0
34175650,1919.0
10635999,1957.0
25057566,2005.0
33525234,2011.0
20903338,1976.0
26799009,2002.0
32156051,1987.0
6864593,1952.0
32337158,2012.0
8433455,2006.0
25795523,2009.0
30675976,1999.0
31803560,1930.0
7749681,1984.0
32281762,1979.0
26428132,1982.0
30678422,1937.0
24775445,2008.0
33096991,2010.0
33514637,1920.0
13278265,1971.0
29714107,2004.0
30708894,1936.0
35854067,2002.0
28694485,1932.0
32834017,2011.0
14746644,1953.0
14479307,1948.0
33108971,1946.0
9632318,1948.0
17126231,1988.0
8855335,1951.0
28362011,2009.0
30785672,1948.0
31530086,1967.0
28102951,2010.0
15086382,2008.0
36466069,2013.0
33550853,1969.0
7776833,1941.0
2286153,1992.0
9652298,1947.0
18240186,2008.0
33803072,1932.0
33914453,1972.0
32910206,1980.0
18070683,2005.0
3840179,2005.0
29375706,1960.0
828585,1918.0
12655355,2008.0
20492610,1982.0
11779179,2010.0
31477188,1965.0
29372030,2009.0
29167286,1952.0
29100944,1926.0
24542023,2011.0
11052424,1954.0
9268333,2006.0
19286537,1990.0
31998018,1986.0
31129911,2004.0
20904136,1977.0
18658944,1999.0
34040360,1929.0
9426090,1934.0
32586404,2003.0
8968082,1936.0
18272990,1957.0
18968523,1971.0
34518189,2012.0
30667353,1995.0
11797200,1952.0
20579775,1970.0
11143138,1974.0
28868705,2010.0
20581310,1972.0
24743696,2006.0
28858052,1970.0
30657545,1935.0
11748609,2007.0
29548823,1964.0
13908309,1920.0
31922176,2012.0
22235879,2007.0
18832517,2000.0
26024751,1999.0
32420088,1999.0
26086731,1962.0
33500233,1918.0
3664723,1964.0
31926313,1896.0
20943405,1958.0
35992625,2012.0
8592401,1932.0
5369896,1995.0
33665114,2011.0
25718892,2004.0
31965606,1982.0
33880641,1956.0
32631108,2012.0
6121239,1963.0
18300979,1911.0
31087591,2000.0
32285717,1920.0
8626891,2006.0
20904324,1978.0
17183234,1951.0
17124730,2004.0
29024768,2010.0
27947347,1950.0
8139586,1949.0
20385413,1947.0
30004263,1920.0
20742597,2001.0
36383697,2013.0
29498265,2010.0
26218275,1919.0
32180514,2012.0
19353888,1988.0
11943546,1984.0
19762625,1954.0
12729059,2007.0
26894335,1991.0
31866410,1924.0
21151827,1956.0
31900560,1899.0
28736103,1961.0
22520281,1912.0
15799229,2007.0
20379193,2008.0
32454866,1923.0
16342092,1956.0
20327952,2006.0
26985873,1917.0
17176928,1993.0
24792732,1998.0
26518939,2009.0
31323077,1958.0
29900066,2003.0
23807061,1989.0
25640063,2005.0
34528223,2009.0
9977545,2007.0
30148358,1927.0
27440737,2011.0
19464064,2008.0
23568762,2009.0
8530642,2007.0
21686513,1988.0
29153295,1950.0
31721978,2009.0
21760653,2006.0
29563917,1964.0
3623596,1965.0
31255791,1947.0
30504780,2011.0
20653774,1938.0
3697759,2003.0
34455346,1998.0
22252208,2005.0
9547753,2002.0
22445122,1999.0
30517690,2011.0
25058702,2010.0
23247526,1996.0
24010300,1935.0
11975009,1998.0
15111736,1947.0
21503212,1988.0
20903286,1976.0
28856009,2007.0
21671595,2002.0
24237314,1967.0
14428739,1954.0
31776188,1966.0
26538744,2007.0
14540806,1949.0
9970128,1950.0
5785612,1962.0
10574912,1968.0
20581055,1971.0
12250339,2001.0
19286302,1963.0
20386835,1928.0
34155453,1982.0
32991974,2011.0
12298624,2005.0
28377152,1929.0
27070728,2010.0
10946905,1960.0
7623911,1986.0
29346392,1958.0
9628111,1933.0
24875507,2007.0
20904194,1977.0
2428689,2002.0
30042730,1963.0
31322926,1957.0
33804560,2006.0
22487162,1954.0
20399181,1940.0
31528213,1913.0
14000220,1986.0
30755413,1976.0
3602691,1937.0
17343538,1947.0
15277826,1935.0
30595155,1930.0
31767008,2000.0
15570329,2001.0
29063525,1949.0
29870577,2011.0
12714672,1968.0
20549870,1944.0
31388587,1985.0
24445268,1989.0
32455629,1990.0
29459297,1963.0
32538280,1983.0
11143085,1986.0
8201170,2004.0
25540872,2004.0
33382075,2008.0
20631892,2009.0
23181686,2002.0
9244846,1944.0
24668912,2009.0
34008984,2010.0
7876732,1984.0
31206542,2009.0
30212243,1994.0
20581050,1971.0
7743371,2005.0
20164440,1978.0
20770737,1963.0
30221032,2011.0
16796665,1951.0
22543110,2008.0
30653493,2011.0
19400587,1935.0
20998349,1957.0
33685378,1983.0
25674879,1967.0
18849361,1960.0
20903071,1974.0
32207988,2013.0
30492978,2010.0
29793715,1937.0
26704315,1932.0
21036286,1935.0
20902929,1973.0
28773945,2010.0
31849536,1952.0
21496043,2001.0
22864692,1978.0
29407433,1962.0
30663699,2011.0
21199923,1950.0
18363765,2008.0
15783640,1944.0
14555557,1944.0
31204510,2010.0
21776464,1929.0
20904225,1996.0
22900453,1987.0
20904117,1977.0
30524223,1975.0
29177359,2006.0
33839580,2010.0
31939665,2011.0
28877559,1959.0
25867629,2010.0
30843791,1922.0
17180842,1994.0
25944522,1986.0
18885220,1957.0
9994019,1970.0
19073034,1981.0
25791554,2003.0
7740958,2003.0
19647434,2003.0
11260405,1942.0
15521281,2003.0
31827291,1920.0
11143284,1978.0
9502146,1934.0
8113925,1944.0
31874889,1924.0
33887842,1944.0
18563580,1977.0
18920019,1948.0
20654783,1989.0
33943838,1973.0
31544628,1953.0
18668186,1997.0
22251440,1988.0
16616586,1993.0
15715548,1982.0
11750288,1942.0
15796936,2001.0
17183157,1950.0
33526983,1917.0
23018467,2009.0
25908695,2009.0
31849386,1954.0
20581092,1971.0
30769341,1968.0
16048942,1923.0
30698074,1930.0
35911149,2015.0
33315469,1954.0
8060931,2004.0
28823906,2010.0
14135767,2005.0
33033241,2011.0
25276288,2009.0
20940430,1958.0
28602416,1982.0
35863614,2013.0
28150094,2003.0
27974235,2010.0
31322897,1957.0
37082648,2012.0
13402887,1989.0
27641142,1991.0
19087186,2007.0
29302609,1954.0
11948988,1951.0
29017324,1958.0
22863737,2008.0
30847851,2009.0
34039833,1923.0
17289389,2008.0
29258221,1939.0
29592452,1995.0
6171618,1941.0
18612485,1965.0
9504377,1945.0
20903206,1975.0
17198278,1998.0
28324016,1980.0
286891,1952.0
34601426,1927.0
24408933,2008.0
13562948,1953.0
28707778,2009.0
33354856,2011.0
24105592,1986.0
32179296,1895.0
30477018,1985.0
23449189,2009.0
13169133,2005.0
35634407,2013.0
33773172,1986.0
20903127,1984.0
17182877,1937.0
31760148,1953.0
9362631,1997.0
31322370,1948.0
31612026,1956.0
28450318,2008.0
24620257,2004.0
11459078,1917.0
28131017,1945.0
17239276,2007.0
21229033,1956.0
30983279,2009.0
29274776,1954.0
34501652,2013.0
19134995,1963.0
32437275,1924.0
12671848,2007.0
30639230,2006.0
31801112,1989.0
32603168,1914.0
31079480,2010.0
27757685,1962.0
33269432,2013.0
20903277,1976.0
29145240,1978.0
14809505,2004.0
14918676,1989.0
32634907,2010.0
19497137,1952.0
32624649,2011.0
20871842,1922.0
19174710,2003.0
2753501,1988.0
11783981,1956.0
10477331,1956.0
21215198,1952.0
10792003,1982.0
17814094,2003.0
11143217,1975.0
31045112,1989.0
33038027,2011.0
6880197,1971.0
32804975,2011.0
17216834,1978.0
26981999,1990.0
34725574,1990.0
25583644,1981.0
20415130,2008.0
235299,1934.0
27190944,2009.0
10026747,1996.0
24118980,2009.0
26067456,2010.0
18066411,1977.0
13995952,1973.0
33227735,1976.0
20940601,1953.0
34106574,2007.0
13138255,1965.0
33872329,1969.0
21051238,1974.0
20782506,2008.0
10312250,1981.0
1335517,1988.0
29349408,1964.0
22133373,2005.0
28356770,1987.0
21064464,1958.0
30177279,1985.0
23615065,2001.0
32111821,2010.0
19289750,2007.0
31677272,1924.0
15099598,1924.0
11389096,1982.0
24416448,2009.0
30739896,1946.0
21536464,2005.0
33435933,1989.0
23991832,2007.0
14281880,2001.0
27413683,2010.0
14854543,1975.0
30695447,2010.0
30314421,2010.0
18620103,2008.0
24007705,1935.0
32558325,2011.0
28764889,2009.0
32748561,2011.0
17255348,2005.0
26704189,1934.0
21145501,1958.0
23931299,1990.0
29337492,1956.0
21144586,1956.0
19042255,1935.0
24003720,2007.0
33046855,1921.0
32867197,2001.0
32954239,1993.0
18279656,1998.0
10064188,2004.0
20904334,1978.0
6894161,2000.0
25977476,2009.0
31594935,1930.0
31293229,2011.0
23897699,2004.0
20581076,1971.0
21910368,1986.0
31175772,2011.0
8583627,1997.0
19096888,1971.0
28756896,1986.0
25374749,1968.0
15409406,1942.0
18686749,1965.0
20902971,1973.0
28417620,1975.0
10131227,1954.0
29561565,2010.0
8312297,2006.0
30830501,2011.0
31505826,1933.0
2775197,1991.0
10502718,1976.0
28019269,2010.0
17182908,1950.0
24387135,2008.0
15290838,2008.0
5827610,2005.0
21309138,1957.0
20833896,1981.0
9278733,2007.0
27523162,1983.0
27909271,2011.0
7713606,2004.0
14903707,2008.0
20904062,1977.0
14234170,1993.0
32416925,1919.0
11141929,1980.0
33841621,1988.0
28970651,2011.0
35667591,2013.0
27588203,2010.0
10801014,1982.0
8407838,1960.0
20903213,1975.0
13023948,1960.0
24577764,1972.0
17181168,1972.0
11347451,1989.0
32962473,1970.0
16918029,1989.0
26793028,2007.0
9271859,2004.0
26737131,2009.0
24205709,1940.0
31250146,1951.0
26793313,1937.0
33573520,1935.0
24016193,1977.0
30669601,1937.0
16029793,1984.0
6811445,2004.0
20581065,1971.0
16288889,1898.0
33851109,2006.0
9307165,1979.0
32850076,2011.0
16100186,2008.0
11918793,2008.0
14525860,1943.0
11143154,1974.0
21818648,2008.0
28709904,2009.0
32566466,2002.0
32813473,1991.0
19163837,1958.0
16513719,2007.0
21883963,2004.0
20903186,1975.0
20380901,1965.0
30702319,2006.0
20751579,2007.0
15016234,2010.0
30970148,2006.0
14746935,1955.0
31190562,1985.0
32943405,1968.0
28997437,2009.0
19654805,2002.0
33271334,2011.0
31365800,2014.0
28587289,2009.0
26903360,1988.0
11648153,1949.0
10444276,1953.0
20968423,1932.0
20928879,1979.0
24197202,1929.0
25233202,1982.0
26077281,2010.0
20940738,2008.0
20808002,1922.0
20470007,2001.0
31435662,2011.0
17306685,2007.0
24073925,2010.0
31275884,2006.0
14686338,1948.0
20904678,1979.0
21166210,1954.0
20794866,1987.0
28854501,1958.0
25210711,2010.0
24551173,2007.0
24653498,2005.0
30704303,1947.0
31558538,2011.0
15255519,2005.0
20613621,1991.0
29617787,1987.0
35597441,1998.0
31203418,2003.0
31998589,1954.0
31119583,2009.0
33799600,2011.0
34155454,1985.0
34858316,1988.0
35366333,1969.0
31158330,2007.0
12545016,1948.0
16635782,2006.0
9287708,1961.0
25687590,1967.0
28492574,1985.0
13720253,1952.0
30690599,1940.0
27357494,2010.0
1652591,2005.0
26926992,2002.0
33387686,1939.0
11574995,1983.0
36035401,1955.0
17842962,1999.0
30372840,1973.0
11141776,1977.0
7275505,1966.0
29959156,2010.0
21447744,1955.0
33040709,2006.0
6809420,1998.0
19307757,1945.0
33757163,2012.0
33477333,1966.0
29324890,1970.0
27409607,2009.0
28486607,1943.0
25502710,1947.0
12869857,2005.0
29302250,1954.0
14156492,1986.0
7359321,2006.0
27949074,2010.0
12456666,1987.0
36126202,2014.0
33208046,1963.0
15249127,2006.0
29869821,1926.0
29725152,2006.0
27498344,1992.0
15922861,2002.0
32822158,2008.0
30658152,1939.0
11260956,1942.0
4383316,1992.0
31954164,1981.0
10213174,1951.0
9282967,1970.0
7587356,1990.0
20904041,1977.0
31307409,2011.0
32441022,2011.0
29320666,2010.0
36033337,2013.0
27885347,1978.0
26885889,2009.0
32198884,2011.0
9001684,1953.0
29529433,2010.0
33369221,1974.0
19689718,1931.0
31892955,2015.0
26251984,2014.0
20705030,2007.0
22720246,1954.0
24202400,1996.0
11547073,2001.0
18613738,1967.0
25674757,1966.0
34771652,1979.0
22855953,2008.0
35834719,1987.0
7713534,1994.0
18822967,2001.0
7897523,1936.0
33008520,2001.0
36197495,2013.0
33828934,1933.0
12106229,1985.0
24791130,2010.0
32190033,1969.0
29035139,1924.0
2181853,1940.0
8175771,1989.0
22513789,1947.0
11250583,1942.0
27200896,2012.0
26903903,1989.0
30268146,2011.0
18968817,1947.0
33345651,2015.0
13706578,1913.0
29203277,1952.0
14906786,1935.0
14085200,1978.0
19093517,1972.0
23282474,2000.0
16965135,2008.0
13491019,1993.0
34519707,2013.0
30316694,1988.0
31650218,2010.0
15536056,1996.0
20903048,1974.0
34164352,1993.0
20903075,1974.0
26140414,1912.0
30739613,2008.0
20586022,1977.0
31087557,1981.0
23097527,2009.0
13253962,1998.0
37277581,2012.0
32568176,2011.0
4860005,2005.0
25278316,1999.0
28356576,2001.0
30572842,2010.0
24632121,1971.0
16711568,1945.0
33350833,1923.0
8275826,1994.0
31014332,1914.0
33269400,2010.0
34114113,1998.0
25616609,1925.0
20904530,1969.0
4299421,1989.0
30630279,2010.0
8703874,1949.0
20619866,1948.0
20902948,1973.0
23709820,1940.0
15686529,1989.0
21119087,1958.0
12506616,1983.0
27875707,2010.0
33474264,2011.0
20399956,1966.0
22549229,1931.0
9420790,1965.0
20904605,1979.0
34071219,1915.0
7538545,1991.0
30970462,2010.0
17179686,2008.0
31631087,1957.0
29245583,1952.0
29783580,2010.0
21113009,1958.0
33894291,2011.0
16375992,1955.0
26894923,2006.0
33974026,1999.0
33347629,2010.0
33861669,2011.0
16708448,2013.0
7198332,1914.0
26938263,1912.0
26258600,1999.0
20908315,1956.0
23806745,1988.0
17597225,2000.0
12231514,2007.0
31834293,1970.0
34155438,1998.0
29932376,2010.0
26743501,1938.0
22555832,1912.0
16690770,1997.0
33737548,1968.0
29969927,1925.0
19892425,1970.0
29145570,1963.0
6864096,1951.0
25858471,1951.0
10950017,1962.0
11142466,1986.0
3078538,1999.0
29082481,2010.0
12967544,1990.0
32359323,1967.0
26488565,2011.0
8592971,1983.0
34131760,1915.0
33902416,2008.0
27164920,2010.0
4231439,1967.0
14271902,2007.0
14088008,2007.0
28727504,2008.0
31543884,1953.0
22354044,1978.0
15684703,2003.0
13051946,1978.0
31302823,1991.0
29693059,1954.0
33923927,2012.0
17264220,2004.0
31959586,1992.0
14258328,1998.0
31950271,1981.0
14659930,1935.0
33288456,2011.0
31423990,2010.0
29250240,2010.0
15856716,1995.0
17094525,2006.0
30757739,1949.0
22795845,2009.0
9806463,2007.0
19134516,1972.0
17816177,2007.0
20581300,1972.0
10086284,1936.0
33475705,2009.0
13542692,1962.0
29001087,2006.0
9999915,1986.0
29052883,2010.0
19991851,1998.0
17117397,1990.0
14373996,1967.0
28431921,1996.0
32583294,2006.0
31517109,2010.0
15599485,1954.0
25839151,1976.0
34155456,1981.0
19938642,1963.0
31664243,1961.0
29302529,1955.0
32194343,2000.0
22538902,1991.0
21110150,1955.0
33864931,1934.0
20904533,1979.0
10543509,2004.0
15311240,1999.0
20012411,1986.0
31528868,1925.0
10255717,1979.0
32490394,1915.0
12305910,2007.0
26508250,1965.0
20980771,1920.0
21050016,1956.0
18638392,1934.0
19940259,1957.0
22646837,2008.0
33361939,2005.0
20579736,1970.0
16156439,1954.0
8407754,1963.0
11957889,2005.0
7117238,1987.0
33244885,1980.0
20955602,1957.0
11546411,1953.0
21753974,1986.0
11611474,1982.0
32462162,1986.0
33931528,2013.0
34055671,2012.0
31630440,1957.0
13399827,1987.0
19014915,2009.0
18204467,2007.0
8200525,1969.0
32621378,1975.0
36045095,2012.0
20903408,1973.0
17110895,1982.0
21606500,1936.0
26091760,1928.0
17653287,1978.0
23008594,1958.0
26318066,2010.0
22549154,1931.0
9693719,1969.0
20904660,1979.0
5128564,1932.0
32199071,1932.0
24744889,2009.0
17165199,1941.0
7251670,1912.0
33904623,2012.0
8204800,1946.0
7251650,1914.0
29062594,1986.0
33413683,1942.0
21980549,1936.0
11501869,1977.0
25767818,1972.0
10754585,1974.0
32472119,1997.0
29612989,2010.0
31949943,1997.0
9104548,2007.0
17181562,1972.0
17262795,1934.0
33027500,1920.0
29470308,1962.0
31800410,2009.0
13457313,2002.0
33437285,1995.0
25250911,2006.0
20904437,2000.0
13411923,1988.0
32336534,2010.0
13757752,2008.0
31271765,1959.0
31016807,1986.0
11916661,2007.0
24650984,1988.0
7087163,1947.0
33607131,1961.0
29415025,1957.0
19108615,1968.0
11501588,1965.0
26660887,1932.0
11252503,1942.0
17871438,1993.0
29480281,2010.0
27700382,2006.0
33746988,2011.0
7576646,2002.0
31655183,1994.0
10142618,1942.0
20581443,1972.0
24209053,1989.0
20922873,1981.0
2205704,2018.0
31329569,1982.0
32967006,1917.0
11142379,1976.0
12495790,2001.0
11142372,1976.0
10096487,2003.0
17877547,1957.0
31905495,2011.0
26121370,2010.0
30571659,2011.0
33334878,2011.0
9462558,1923.0
33477400,2006.0
29512811,1993.0
24162234,1927.0
16191075,1982.0
19401643,2007.0
28554952,2010.0
8489217,1968.0
20175226,1929.0
20904609,1979.0
16638600,1976.0
16340297,1957.0
33952269,1993.0
33075861,1923.0
24747725,1994.0
17183430,1950.0
31078119,1932.0
18942294,1975.0
33899005,1917.0
29065765,1919.0
33302462,2012.0
33911045,2011.0
31773164,1941.0
32960328,1986.0
23341740,2007.0
31867069,2000.0
24480957,1941.0
1267676,1998.0
33129532,2009.0
12662464,1961.0
29579355,2001.0
35860423,1983.0
20158062,1999.0
13705385,2001.0
33417329,1986.0
33322430,2012.0
10636103,2000.0
34896938,2005.0
36414614,2013.0
20636202,1925.0
9890484,1929.0
3189375,1999.0
30879290,2010.0
24749736,1998.0
28103124,2001.0
13387891,1987.0
20175032,1935.0
28211504,1981.0
30471090,2011.0
15409635,1942.0
26248844,2013.0
35826303,1984.0
23848970,2006.0
24162428,1929.0
18838700,1942.0
30558774,2009.0
11348636,2007.0
18091109,1934.0
20904038,1977.0
31509103,2011.0
29916195,1940.0
11094858,1966.0
22821369,1990.0
24817241,1959.0
16317360,1956.0
33026594,1917.0
21289174,1957.0
9890262,1919.0
9309479,1995.0
24192180,1945.0
28150194,2004.0
30170055,1985.0
30366069,1971.0
16973227,1998.0
28643282,2010.0
21711635,1956.0
18941679,1954.0
20904510,1979.0
34180535,2011.0
9034263,1996.0
1503607,1972.0
14143507,1986.0
21176332,2007.0
19046091,1931.0
30031411,1992.0
29877247,2007.0
9243079,2004.0
9859517,1980.0
9725696,2004.0
20453085,1920.0
8605260,1958.0
31189851,1923.0
13281130,1998.0
30246546,1930.0
29277341,1954.0
14347945,1999.0
30965538,1946.0
22787999,1932.0
26024589,1999.0
31738418,2009.0
26371114,2009.0
11152666,1950.0
32377520,2012.0
18634911,2002.0
28611525,1961.0
29144674,1950.0
21606232,1935.0
2090208,1997.0
11473235,1967.0
32550884,1920.0
37053582,2011.0
22770420,2006.0
31920874,1997.0
20579741,1970.0
26461939,2010.0
31794894,2011.0
34934356,2013.0
9005978,1982.0
3676609,1993.0
19936740,2008.0
19829857,2009.0
33401569,1980.0
36462854,1970.0
12596815,2007.0
18921690,1950.0
29389955,1997.0
28000445,1971.0
30571280,2011.0
12489566,1958.0
19069411,1924.0
30775333,2008.0
27812255,2010.0
29113636,1928.0
29143572,1934.0
25851476,1980.0
33338587,1989.0
23576713,2009.0
10061019,1941.0
16166424,2001.0
31837623,1977.0
18940456,1955.0
19116001,2000.0
11141693,1982.0
16295940,1954.0
19100162,2004.0
4013787,2006.0
20144137,1942.0
15632843,1990.0
28105466,1947.0
8862860,1945.0
36805927,2012.0
20904423,1978.0
14939660,2009.0
7260653,1942.0
32769696,2011.0
17093666,1995.0
24256568,1971.0
30684033,2007.0
17858274,1973.0
31341638,1938.0
8994972,2001.0
25567993,2010.0
28056753,2010.0
36104265,1972.0
13720347,1957.0
21228689,1956.0
13197258,1977.0
23669765,1957.0
34290882,1989.0
33819031,1933.0
21686845,1933.0
26698621,2010.0
31649653,2007.0
27802591,2009.0
11141850,1978.0
20903133,1974.0
20168974,2007.0
34709955,1951.0
14545072,1949.0
28304654,1986.0
19234014,1998.0
32691621,1978.0
33652760,2009.0
24610858,2004.0
25825614,1951.0
15214674,1992.0
11294399,1996.0
34155459,1979.0
20904100,1977.0
31554888,2011.0
25851340,1983.0
11142703,1978.0
20579772,1970.0
24363945,2009.0
30629019,2009.0
18069796,1916.0
32747122,1977.0
18941710,1955.0
32265171,1929.0
20996147,1948.0
33028809,1936.0
34055701,1932.0
31184642,1995.0
20636420,1925.0
33873985,1969.0
19356969,2007.0
18682426,1998.0
30827523,2011.0
10813763,1934.0
33270769,2010.0
20287641,2004.0
33477424,2006.0
30333197,1999.0
33498414,1985.0
6935484,2007.0
1040998,1941.0
16691088,1940.0
26773412,2010.0
36159053,1970.0
33536207,1921.0
33406468,1988.0
29484159,2010.0
34155558,2003.0
31163752,1962.0
32852831,2008.0
16719327,2003.0
25652861,1965.0
28966275,1959.0
23211258,2009.0
28335509,2000.0
25973845,2010.0
13072195,2004.0
19346082,1987.0
30296126,2010.0
25334086,1970.0
9308710,1984.0
18613489,1963.0
24610133,2007.0
21755937,1951.0
10559042,1895.0
30430254,2009.0
20827979,1965.0
30484406,2015.0
32575369,2007.0
18383228,1950.0
30403926,2011.0
30958947,2006.0
17181884,1972.0
20581073,1971.0
29293410,1954.0
11110287,2005.0
32513783,1949.0
4795375,1987.0
27143840,2011.0
22036362,2006.0
14707611,1997.0
18920539,1954.0
9701235,1972.0
33055763,1921.0
27642540,1973.0
16640342,1987.0
32250104,2010.0
31322745,1956.0
32674656,1986.0
20245051,2006.0
29249523,1953.0
4420794,2005.0
22366162,1976.0
11142096,1982.0
6913862,2005.0
19802168,2001.0
22791373,2002.0
28149563,1991.0
25422599,2009.0
20904412,1978.0
17896877,1991.0
30736519,1999.0
2383295,1982.0
3547778,1993.0
7466931,1973.0
33556313,1953.0
31215284,1975.0
1634305,1946.0
10090169,1954.0
31496225,1954.0
31003360,2011.0
10079230,1988.0
12804923,1947.0
9999280,1997.0
30849929,2008.0
20579757,1970.0
32383716,1951.0
20581325,1972.0
21141423,1996.0
15792892,1978.0
27424702,2007.0
29349350,2009.0
36872257,2013.0
31930804,1903.0
24361180,2003.0
30769264,1967.0
28185017,1949.0
2393755,2001.0
11245018,1949.0
36055980,2013.0
31087536,1980.0
16317028,1955.0
30274277,2007.0
28884066,2010.0
31914797,2010.0
24583275,1980.0
29690290,1984.0
12088771,1992.0
34182101,2011.0
11589765,1949.0
36302917,2015.0
35925049,2011.0
32739728,2011.0
32944042,2012.0
21243375,1957.0
18005302,2010.0
31667778,1992.0
31461253,2011.0
35786722,2013.0
8214709,1941.0
11340821,1950.0
19918475,2005.0
21609939,1935.0
32654062,2008.0
20063476,1935.0
12305190,1992.0
36303737,2013.0
10847707,2006.0
31122300,1985.0
20893185,1929.0
25713594,1994.0
25376836,1990.0
18906451,1956.0
8814999,1930.0
28709934,1998.0
12457211,1987.0
13820335,1989.0
16176760,1982.0
29167861,1951.0
32091063,1996.0
20581138,1971.0
23988592,1969.0
33939684,1980.0
26774831,1986.0
25154086,2008.0
28325100,1959.0
31953513,2003.0
37302868,1953.0
23688014,1952.0
33179749,1990.0
19030687,1999.0
30346440,2011.0
33796048,2011.0
2974872,1985.0
28149955,2006.0
8855837,1952.0
27358908,1948.0
22969766,2006.0
28258599,2010.0
28140082,2010.0
33772565,2004.0
29278563,1954.0
30638960,2010.0
29318224,1955.0
29168123,1952.0
30077800,2008.0
33545395,1930.0
7250001,2008.0
20694255,1956.0
20996805,1957.0
16329884,2009.0
29201529,2010.0
21354935,1966.0
25121894,2009.0
25496370,2009.0
10458180,1959.0
18936003,1961.0
17138732,2000.0
19203423,1965.0
13294724,1975.0
12989709,1963.0
9620276,1989.0
19042225,1935.0
29171260,1949.0
31323853,1959.0
32056667,1969.0
6441233,1978.0
26893937,2003.0
11937724,1933.0
21249876,1995.0
20462298,1932.0
8338648,1980.0
32976625,2011.0
16712179,1978.0
31926616,2009.0
17640203,2004.0
17789616,1938.0
33417893,2008.0
31543513,2011.0
6964412,1995.0
33850044,2012.0
18066472,1979.0
8065850,1995.0
18940527,1959.0
8108710,1981.0
8250183,1986.0
12830791,1965.0
11485063,1955.0
7299021,2006.0
9917327,1932.0
23276045,1990.0
33956127,2005.0
34146122,2011.0
32517667,1944.0
12785663,1980.0
8774627,1927.0
33333552,1971.0
30228468,2011.0
31436921,2011.0
32571554,2011.0
24156388,1928.0
20530554,1941.0
8380246,2006.0
29763090,1959.0
18926284,1921.0
19983148,1950.0
16254852,1952.0
13343218,1965.0
28879086,1946.0
24549706,2007.0
12934057,1948.0
23752629,1995.0
15992631,1960.0
18646902,1988.0
26271238,1948.0
22643697,1941.0
34158995,1922.0
27364183,2010.0
26902277,1958.0
13429328,1975.0
14435002,1939.0
24239698,1929.0
11472764,1984.0
13729100,1986.0
8244615,1986.0
26470932,2009.0
33406359,1987.0
8111668,1978.0
33077796,1917.0
22573027,2009.0
27458181,2010.0
12260476,2007.0
22081270,1991.0
16807565,1969.0
34155458,1980.0
32979127,1922.0
14299825,1971.0
22707647,1952.0
18363051,1975.0
31112972,1967.0
27972540,2010.0
23201597,1954.0
17330137,1975.0
20860928,1997.0
20903063,2006.0
23889516,2009.0
31152357,1930.0
19916593,1994.0
30403700,2011.0
32393049,1907.0
31332450,1965.0
30034694,1968.0
20715202,2006.0
8263211,1915.0
23268431,1978.0
10581715,1930.0
31087595,1983.0
14670254,1998.0
28275284,2006.0
37053250,2013.0
33384418,2012.0
30941010,2006.0
23625840,1942.0
241598,2003.0
11589718,1960.0
21924848,1991.0
28016666,2011.0
30049555,2011.0
15421283,2001.0
8832299,2000.0
32412584,2013.0
17320396,1995.0
10658462,2007.0
12543510,2001.0
14530401,1996.0
20942753,1958.0
33910742,2010.0
8719223,1949.0
31066372,2003.0
20904305,1978.0
22248618,1984.0
29066514,1941.0
36460235,2012.0
20248437,1988.0
24105088,1929.0
33042258,1953.0
10445508,1930.0
32765081,2010.0
30466346,2011.0
29295358,1955.0
33282208,1958.0
4603464,1995.0
7280584,1978.0
33712804,2011.0
27290290,2010.0
32848413,2012.0
21455569,1925.0
22798538,2005.0
22851685,1957.0
31438002,2011.0
21049094,1956.0
27269424,2010.0
13625218,2004.0
21228527,1956.0
9308400,1975.0
25763367,2010.0
36040597,1993.0
30828167,1922.0
29790167,2011.0
15844986,2004.0
17193564,1939.0
3468470,1970.0
8267784,1943.0
27710092,2013.0
8250322,2006.0
28330303,1933.0
18496553,2000.0
21228917,1956.0
16340223,1957.0
32329651,1919.0
19418467,1949.0
25866747,2009.0
2895474,1982.0
23218902,1957.0
33987050,2001.0
25279667,1982.0
20904111,1977.0
25499757,2010.0
17697095,2004.0
26251164,2010.0
28410965,2010.0
14748669,1963.0
14742216,2004.0
26600054,2010.0
33545325,1922.0
6022701,1958.0
28156254,2012.0
16898363,2007.0
33793965,1930.0
19108594,1972.0
12948433,2005.0
21298120,2009.0
31677187,1934.0
31514096,1941.0
18070902,2006.0
14746807,1955.0
30790894,2009.0
34502262,2011.0
33654077,2006.0
24871194,1974.0
27498996,2010.0
30443515,2010.0
32667325,1980.0
24285379,1929.0
28234430,2009.0
32942994,2010.0
32638793,1988.0
20588966,1965.0
28146864,2009.0
31099892,1965.0
31664841,1961.0
28377984,1928.0
19059310,2008.0
28298396,2008.0
28329009,1932.0
22141357,1978.0
20955214,1947.0
33149427,1997.0
27849952,2014.0
25875853,1960.0
31528009,1914.0
8874926,1952.0
2621434,1997.0
32790121,2010.0
36452317,2015.0
29273067,1954.0
20903418,1973.0
30950263,2011.0
34907145,1997.0
15570452,2003.0
25987843,2008.0
27945920,2008.0
14641756,2008.0
8145772,1995.0
18664245,2007.0
22348185,2005.0
17684869,2008.0
20637203,1929.0
6848646,1948.0
25597304,1964.0
28878502,1990.0
24999752,1983.0
31991243,2007.0
33772685,1996.0
19897219,1964.0
33999715,1958.0
31977926,1974.0
32019592,1895.0
7238123,2006.0
27785844,2009.0
11944212,1965.0
24938584,1959.0
4421925,2003.0
23427066,1969.0
30371747,2012.0
36025645,2014.0
980548,1995.0
31511632,2011.0
28825284,1972.0
19106207,1959.0
18074703,1990.0
31305532,1971.0
23553853,2009.0
30673459,2011.0
32662380,2014.0
23169496,1966.0
26752043,2009.0
9798409,1944.0
21153277,1940.0
28372388,2009.0
29143812,1949.0
11222294,1971.0
18552722,2008.0
32508800,1988.0
22168112,2017.0
18850911,1936.0
33550819,1922.0
9170459,2007.0
21904738,2005.0
20105712,1939.0
29319700,1956.0
9913494,1927.0
15255641,2006.0
24070879,1960.0
24956977,1925.0
12933576,1941.0
11265627,1942.0
21094640,1954.0
33319413,2001.0
33562016,2011.0
21252224,1956.0
22810240,1968.0
18350882,1993.0
30906964,2011.0
36306770,2014.0
33772904,1991.0
32956375,2009.0
26682674,1942.0
29375965,1959.0
1431847,2015.0
20903157,1975.0
31509603,1929.0
31665220,1996.0
8279481,1945.0
15233033,2006.0
25779698,1999.0
21169954,1940.0
32586323,1933.0
20929437,1954.0
12050041,2006.0
12696872,1931.0
14299402,1971.0
21912163,1987.0
11192132,1997.0
8689339,1982.0
13164834,1959.0
30716288,1943.0
32203811,1985.0
8286563,1991.0
21287351,1955.0
34155443,1992.0
24540983,2009.0
27579935,2010.0
25677664,1967.0
13291100,1944.0
15460925,1974.0
31513950,2011.0
10791921,1978.0
17182613,1972.0
23181860,1974.0
34159300,1929.0
14843496,1995.0
30864775,1939.0
30948260,2011.0
32169995,1991.0
34198102,1973.0
18363573,1972.0
31969330,2010.0
31450064,2014.0
22963595,2002.0
21153080,1949.0
31966806,2008.0
32561525,2012.0
36758313,2012.0
27918152,2011.0
19571899,2002.0
12989512,1948.0
9752369,2005.0
24343484,2006.0
21149179,1958.0
16705375,2006.0
24583175,1981.0
21450209,1968.0
32173755,1930.0
30497491,2010.0
18493775,1955.0
10748248,2007.0
31506104,1974.0
33447044,1989.0
27858396,2008.0
20636465,1925.0
18467204,1983.0
16159966,2008.0
29407504,1962.0
27374407,1929.0
18938940,1944.0
20000224,2001.0
24277283,2008.0
33932215,1997.0
33572321,1959.0
7774902,1991.0
11971266,1984.0
3633888,2005.0
31010232,1946.0
20903361,1976.0
26426504,1979.0
30148123,1990.0
19419823,1947.0
11515305,1979.0
19273622,1964.0
15624851,1954.0
32840140,1910.0
21566359,1969.0
32907146,1978.0
24679315,2010.0
31078991,1989.0
13959113,1963.0
32028103,1896.0
12363243,1921.0
33055356,1954.0
25867209,2007.0
29119097,2010.0
31887671,2009.0
33404810,1987.0
27972165,2010.0
31869121,1920.0
20414373,1949.0
29901558,1995.0
17198681,1996.0
29319381,1956.0
35758766,2000.0
26219108,1920.0
31422084,1996.0
29449643,2011.0
12095128,2006.0
